{"cameraMode":{"drawMode":0,"name":"Shaded","section":"Shading Mode"},"sceneLighting":false,"audioPlay":false,"sceneViewState":{"showFog":true,"showMaterialUpdate":false,"showSkybox":true,"showFlares":true,"showImageEffects":true,"showParticleSystems":true},"in2DMode":false,"pivot":{"x":-2.6300740242004396,"y":2.5563342571258547,"z":-2.015583038330078},"rotation":{"x":-0.14315718412399293,"y":0.829383134841919,"z":-0.24732659757137299,"w":-0.48006224632263186},"size":-1.0356764793395997,"orthographic":false}